project,route,linked_from,inbound_links,user_reachable
"army-hospital","/fa/projects/army-hospital","Homepage Featured + Related (≈34 pages)","≈140","Yes"
"army-hospital","/en/projects/army-hospital","Homepage Featured + Related (≈34 pages)","≈140","Yes"
"army-hospital","/ar/projects/army-hospital","Homepage Featured + Related (≈34 pages)","≈140","Yes"
"army-hospital","/ru/projects/army-hospital","Homepage Featured + Related (≈34 pages)","≈140","Yes"
"shahre-babak-hall","/fa/projects/shahre-babak-hall","Related (≈34 pages)","≈136","Yes"
"shahre-babak-hall","/en/projects/shahre-babak-hall","Related (≈34 pages)","≈136","Yes"
"shahre-babak-hall","/ar/projects/shahre-babak-hall","Related (≈34 pages)","≈136","Yes"
"shahre-babak-hall","/ru/projects/shahre-babak-hall","Related (≈34 pages)","≈136","Yes"
"sepehan-flower-market","/fa/projects/sepehan-flower-market","Related (≈34 pages)","≈136","Yes"
"sepehan-flower-market","/en/projects/sepehan-flower-market","Related (≈34 pages)","≈136","Yes"
"sepehan-flower-market","/ar/projects/sepehan-flower-market","Related (≈34 pages)","≈136","Yes"
"sepehan-flower-market","/ru/projects/sepehan-flower-market","Related (≈34 pages)","≈136","Yes"
"shahr-babak-stadium-entrance","/fa/projects/shahr-babak-stadium-entrance","Related (3 pages only)","≈12","Yes"
"shahr-babak-stadium-entrance","/en/projects/shahr-babak-stadium-entrance","Related (3 pages only)","≈12","Yes"
"shahr-babak-stadium-entrance","/ar/projects/shahr-babak-stadium-entrance","Related (3 pages only)","≈12","Yes"
"shahr-babak-stadium-entrance","/ru/projects/shahr-babak-stadium-entrance","Related (3 pages only)","≈12","Yes"
"andimeshk-stadium","/fa/projects/andimeshk-stadium","— (none rendered)","0","No (orphan)"
"andimeshk-stadium","/en/projects/andimeshk-stadium","— (none rendered)","0","No (orphan)"
"andimeshk-stadium","/ar/projects/andimeshk-stadium","— (none rendered)","0","No (orphan)"
"andimeshk-stadium","/ru/projects/andimeshk-stadium","— (none rendered)","0","No (orphan)"
"absaar-water-park","/fa/projects/absaar-water-park","— (none rendered)","0","No (orphan)"
"absaar-water-park","/en/projects/absaar-water-park","— (none rendered)","0","No (orphan)"
"absaar-water-park","/ar/projects/absaar-water-park","— (none rendered)","0","No (orphan)"
"absaar-water-park","/ru/projects/absaar-water-park","— (none rendered)","0","No (orphan)"
"megaparsmall-atrium","/fa/projects/megaparsmall-atrium","— (none rendered)","0","No (orphan)"
"megaparsmall-atrium","/en/projects/megaparsmall-atrium","— (none rendered)","0","No (orphan)"
"megaparsmall-atrium","/ar/projects/megaparsmall-atrium","— (none rendered)","0","No (orphan)"
"megaparsmall-atrium","/ru/projects/megaparsmall-atrium","— (none rendered)","0","No (orphan)"
"mahshahr-taxi-parking","/fa/projects/mahshahr-taxi-parking","— (none rendered)","0","No (orphan)"
"mahshahr-taxi-parking","/en/projects/mahshahr-taxi-parking","— (none rendered)","0","No (orphan)"
"mahshahr-taxi-parking","/ar/projects/mahshahr-taxi-parking","— (none rendered)","0","No (orphan)"
"mahshahr-taxi-parking","/ru/projects/mahshahr-taxi-parking","— (none rendered)","0","No (orphan)"
"parand-city-entrance","/fa/projects/parand-city-entrance","— (none rendered)","0","No (orphan)"
"parand-city-entrance","/en/projects/parand-city-entrance","— (none rendered)","0","No (orphan)"
"parand-city-entrance","/ar/projects/parand-city-entrance","— (none rendered)","0","No (orphan)"
"parand-city-entrance","/ru/projects/parand-city-entrance","— (none rendered)","0","No (orphan)"
"tabas-railway-facility","/fa/projects/tabas-railway-facility","— (none rendered)","0","No (orphan)"
"tabas-railway-facility","/en/projects/tabas-railway-facility","— (none rendered)","0","No (orphan)"
"tabas-railway-facility","/ar/projects/tabas-railway-facility","— (none rendered)","0","No (orphan)"
"tabas-railway-facility","/ru/projects/tabas-railway-facility","— (none rendered)","0","No (orphan)"
"tiran-gas-station","/fa/projects/tiran-gas-station","— (none rendered)","0","No (orphan)"
"tiran-gas-station","/en/projects/tiran-gas-station","— (none rendered)","0","No (orphan)"
"tiran-gas-station","/ar/projects/tiran-gas-station","— (none rendered)","0","No (orphan)"
"tiran-gas-station","/ru/projects/tiran-gas-station","— (none rendered)","0","No (orphan)"
"ahvaz-airport-passenger-terminal","/fa/projects/ahvaz-airport-passenger-terminal","— (none rendered)","0","No (orphan)"
"ahvaz-airport-passenger-terminal","/en/projects/ahvaz-airport-passenger-terminal","— (none rendered)","0","No (orphan)"
"ahvaz-airport-passenger-terminal","/ar/projects/ahvaz-airport-passenger-terminal","— (none rendered)","0","No (orphan)"
"ahvaz-airport-passenger-terminal","/ru/projects/ahvaz-airport-passenger-terminal","— (none rendered)","0","No (orphan)"
"atlas-hotel-shahinshahr-atrium","/fa/projects/atlas-hotel-shahinshahr-atrium","— (none rendered)","0","No (orphan)"
"atlas-hotel-shahinshahr-atrium","/en/projects/atlas-hotel-shahinshahr-atrium","— (none rendered)","0","No (orphan)"
"atlas-hotel-shahinshahr-atrium","/ar/projects/atlas-hotel-shahinshahr-atrium","— (none rendered)","0","No (orphan)"
"atlas-hotel-shahinshahr-atrium","/ru/projects/atlas-hotel-shahinshahr-atrium","— (none rendered)","0","No (orphan)"
"baharestan-prayer-hall","/fa/projects/baharestan-prayer-hall","— (none rendered)","0","No (orphan)"
"baharestan-prayer-hall","/en/projects/baharestan-prayer-hall","— (none rendered)","0","No (orphan)"
"baharestan-prayer-hall","/ar/projects/baharestan-prayer-hall","— (none rendered)","0","No (orphan)"
"baharestan-prayer-hall","/ru/projects/baharestan-prayer-hall","— (none rendered)","0","No (orphan)"
"bandar-abbas-mall-atrium-roof","/fa/projects/bandar-abbas-mall-atrium-roof","— (none rendered)","0","No (orphan)"
"bandar-abbas-mall-atrium-roof","/en/projects/bandar-abbas-mall-atrium-roof","— (none rendered)","0","No (orphan)"
"bandar-abbas-mall-atrium-roof","/ar/projects/bandar-abbas-mall-atrium-roof","— (none rendered)","0","No (orphan)"
"bandar-abbas-mall-atrium-roof","/ru/projects/bandar-abbas-mall-atrium-roof","— (none rendered)","0","No (orphan)"
"bandar-mahshahr-bus-terminal","/fa/projects/bandar-mahshahr-bus-terminal","— (none rendered)","0","No (orphan)"
"bandar-mahshahr-bus-terminal","/en/projects/bandar-mahshahr-bus-terminal","— (none rendered)","0","No (orphan)"
"bandar-mahshahr-bus-terminal","/ar/projects/bandar-mahshahr-bus-terminal","— (none rendered)","0","No (orphan)"
"bandar-mahshahr-bus-terminal","/ru/projects/bandar-mahshahr-bus-terminal","— (none rendered)","0","No (orphan)"
"eftekhar-commercial-office-complex","/fa/projects/eftekhar-commercial-office-complex","— (none rendered)","0","No (orphan)"
"eftekhar-commercial-office-complex","/en/projects/eftekhar-commercial-office-complex","— (none rendered)","0","No (orphan)"
"eftekhar-commercial-office-complex","/ar/projects/eftekhar-commercial-office-complex","— (none rendered)","0","No (orphan)"
"eftekhar-commercial-office-complex","/ru/projects/eftekhar-commercial-office-complex","— (none rendered)","0","No (orphan)"
"enghelab-club-padel-center","/fa/projects/enghelab-club-padel-center","— (none rendered)","0","No (orphan)"
"enghelab-club-padel-center","/en/projects/enghelab-club-padel-center","— (none rendered)","0","No (orphan)"
"enghelab-club-padel-center","/ar/projects/enghelab-club-padel-center","— (none rendered)","0","No (orphan)"
"enghelab-club-padel-center","/ru/projects/enghelab-club-padel-center","— (none rendered)","0","No (orphan)"
"erbil-eye-hospital-entrance-canopy","/fa/projects/erbil-eye-hospital-entrance-canopy","— (none rendered)","0","No (orphan)"
"erbil-eye-hospital-entrance-canopy","/en/projects/erbil-eye-hospital-entrance-canopy","— (none rendered)","0","No (orphan)"
"erbil-eye-hospital-entrance-canopy","/ar/projects/erbil-eye-hospital-entrance-canopy","— (none rendered)","0","No (orphan)"
"erbil-eye-hospital-entrance-canopy","/ru/projects/erbil-eye-hospital-entrance-canopy","— (none rendered)","0","No (orphan)"
"fadak-mall-glass-skylight","/fa/projects/fadak-mall-glass-skylight","— (none rendered)","0","No (orphan)"
"fadak-mall-glass-skylight","/en/projects/fadak-mall-glass-skylight","— (none rendered)","0","No (orphan)"
"fadak-mall-glass-skylight","/ar/projects/fadak-mall-glass-skylight","— (none rendered)","0","No (orphan)"
"fadak-mall-glass-skylight","/ru/projects/fadak-mall-glass-skylight","— (none rendered)","0","No (orphan)"
"gonabad-university-sports-hall","/fa/projects/gonabad-university-sports-hall","— (none rendered)","0","No (orphan)"
"gonabad-university-sports-hall","/en/projects/gonabad-university-sports-hall","— (none rendered)","0","No (orphan)"
"gonabad-university-sports-hall","/ar/projects/gonabad-university-sports-hall","— (none rendered)","0","No (orphan)"
"gonabad-university-sports-hall","/ru/projects/gonabad-university-sports-hall","— (none rendered)","0","No (orphan)"
"imam-khomeini-airport-hajj-terminal","/fa/projects/imam-khomeini-airport-hajj-terminal","— (none rendered)","0","No (orphan)"
"imam-khomeini-airport-hajj-terminal","/en/projects/imam-khomeini-airport-hajj-terminal","— (none rendered)","0","No (orphan)"
"imam-khomeini-airport-hajj-terminal","/ar/projects/imam-khomeini-airport-hajj-terminal","— (none rendered)","0","No (orphan)"
"imam-khomeini-airport-hajj-terminal","/ru/projects/imam-khomeini-airport-hajj-terminal","— (none rendered)","0","No (orphan)"
"kermanshah-industrial-university-petroleum-faculty","/fa/projects/kermanshah-industrial-university-petroleum-faculty","— (none rendered)","0","No (orphan)"
"kermanshah-industrial-university-petroleum-faculty","/en/projects/kermanshah-industrial-university-petroleum-faculty","— (none rendered)","0","No (orphan)"
"kermanshah-industrial-university-petroleum-faculty","/ar/projects/kermanshah-industrial-university-petroleum-faculty","— (none rendered)","0","No (orphan)"
"kermanshah-industrial-university-petroleum-faculty","/ru/projects/kermanshah-industrial-university-petroleum-faculty","— (none rendered)","0","No (orphan)"
"maku-convention-hall","/fa/projects/maku-convention-hall","— (none rendered)","0","No (orphan)"
"maku-convention-hall","/en/projects/maku-convention-hall","— (none rendered)","0","No (orphan)"
"maku-convention-hall","/ar/projects/maku-convention-hall","— (none rendered)","0","No (orphan)"
"maku-convention-hall","/ru/projects/maku-convention-hall","— (none rendered)","0","No (orphan)"
"marun-petrochemical-visitor-terminal","/fa/projects/marun-petrochemical-visitor-terminal","— (none rendered)","0","No (orphan)"
"marun-petrochemical-visitor-terminal","/en/projects/marun-petrochemical-visitor-terminal","— (none rendered)","0","No (orphan)"
"marun-petrochemical-visitor-terminal","/ar/projects/marun-petrochemical-visitor-terminal","— (none rendered)","0","No (orphan)"
"marun-petrochemical-visitor-terminal","/ru/projects/marun-petrochemical-visitor-terminal","— (none rendered)","0","No (orphan)"
"mehrabad-aircraft-hangar","/fa/projects/mehrabad-aircraft-hangar","— (none rendered)","0","No (orphan)"
"mehrabad-aircraft-hangar","/en/projects/mehrabad-aircraft-hangar","— (none rendered)","0","No (orphan)"
"mehrabad-aircraft-hangar","/ar/projects/mehrabad-aircraft-hangar","— (none rendered)","0","No (orphan)"
"mehrabad-aircraft-hangar","/ru/projects/mehrabad-aircraft-hangar","— (none rendered)","0","No (orphan)"
"najafabad-university-amphitheater","/fa/projects/najafabad-university-amphitheater","— (none rendered)","0","No (orphan)"
"najafabad-university-amphitheater","/en/projects/najafabad-university-amphitheater","— (none rendered)","0","No (orphan)"
"najafabad-university-amphitheater","/ar/projects/najafabad-university-amphitheater","— (none rendered)","0","No (orphan)"
"najafabad-university-amphitheater","/ru/projects/najafabad-university-amphitheater","— (none rendered)","0","No (orphan)"
"payam-industrial-city-ceramic-factory","/fa/projects/payam-industrial-city-ceramic-factory","— (none rendered)","0","No (orphan)"
"payam-industrial-city-ceramic-factory","/en/projects/payam-industrial-city-ceramic-factory","— (none rendered)","0","No (orphan)"
"payam-industrial-city-ceramic-factory","/ar/projects/payam-industrial-city-ceramic-factory","— (none rendered)","0","No (orphan)"
"payam-industrial-city-ceramic-factory","/ru/projects/payam-industrial-city-ceramic-factory","— (none rendered)","0","No (orphan)"
"rouzbeh-charity-complex-zanjan","/fa/projects/rouzbeh-charity-complex-zanjan","— (none rendered)","0","No (orphan)"
"rouzbeh-charity-complex-zanjan","/en/projects/rouzbeh-charity-complex-zanjan","— (none rendered)","0","No (orphan)"
"rouzbeh-charity-complex-zanjan","/ar/projects/rouzbeh-charity-complex-zanjan","— (none rendered)","0","No (orphan)"
"rouzbeh-charity-complex-zanjan","/ru/projects/rouzbeh-charity-complex-zanjan","— (none rendered)","0","No (orphan)"
"shahrood-azad-university-skylight","/fa/projects/shahrood-azad-university-skylight","— (none rendered)","0","No (orphan)"
"shahrood-azad-university-skylight","/en/projects/shahrood-azad-university-skylight","— (none rendered)","0","No (orphan)"
"shahrood-azad-university-skylight","/ar/projects/shahrood-azad-university-skylight","— (none rendered)","0","No (orphan)"
"shahrood-azad-university-skylight","/ru/projects/shahrood-azad-university-skylight","— (none rendered)","0","No (orphan)"
"shalamcheh-border-gate","/fa/projects/shalamcheh-border-gate","— (none rendered)","0","No (orphan)"
"shalamcheh-border-gate","/en/projects/shalamcheh-border-gate","— (none rendered)","0","No (orphan)"
"shalamcheh-border-gate","/ar/projects/shalamcheh-border-gate","— (none rendered)","0","No (orphan)"
"shalamcheh-border-gate","/ru/projects/shalamcheh-border-gate","— (none rendered)","0","No (orphan)"
"tarbiat-modares-research-greenhouse","/fa/projects/tarbiat-modares-research-greenhouse","— (none rendered)","0","No (orphan)"
"tarbiat-modares-research-greenhouse","/en/projects/tarbiat-modares-research-greenhouse","— (none rendered)","0","No (orphan)"
"tarbiat-modares-research-greenhouse","/ar/projects/tarbiat-modares-research-greenhouse","— (none rendered)","0","No (orphan)"
"tarbiat-modares-research-greenhouse","/ru/projects/tarbiat-modares-research-greenhouse","— (none rendered)","0","No (orphan)"
"tavanir-shahrekord-central-atrium","/fa/projects/tavanir-shahrekord-central-atrium","— (none rendered)","0","No (orphan)"
"tavanir-shahrekord-central-atrium","/en/projects/tavanir-shahrekord-central-atrium","— (none rendered)","0","No (orphan)"
"tavanir-shahrekord-central-atrium","/ar/projects/tavanir-shahrekord-central-atrium","— (none rendered)","0","No (orphan)"
"tavanir-shahrekord-central-atrium","/ru/projects/tavanir-shahrekord-central-atrium","— (none rendered)","0","No (orphan)"
"tehran-mall-roof-garden-foodcourt","/fa/projects/tehran-mall-roof-garden-foodcourt","— (none rendered)","0","No (orphan)"
"tehran-mall-roof-garden-foodcourt","/en/projects/tehran-mall-roof-garden-foodcourt","— (none rendered)","0","No (orphan)"
"tehran-mall-roof-garden-foodcourt","/ar/projects/tehran-mall-roof-garden-foodcourt","— (none rendered)","0","No (orphan)"
"tehran-mall-roof-garden-foodcourt","/ru/projects/tehran-mall-roof-garden-foodcourt","— (none rendered)","0","No (orphan)"
"toranj-kish-restaurant","/fa/projects/toranj-kish-restaurant","— (none rendered)","0","No (orphan)"
"toranj-kish-restaurant","/en/projects/toranj-kish-restaurant","— (none rendered)","0","No (orphan)"
"toranj-kish-restaurant","/ar/projects/toranj-kish-restaurant","— (none rendered)","0","No (orphan)"
"toranj-kish-restaurant","/ru/projects/toranj-kish-restaurant","— (none rendered)","0","No (orphan)"
